"Missing catch of NumberFormatException","Calling a string to number conversion method without handling 'NumberFormatException' may cause unexpected runtime exceptions.","recommendation","Potential uncaught 'java.lang.NumberFormatException'.","/core/base/src/main/java/org/eclipse/dataspaceconnector/core/system/CoreServicesExtension.java","94","33","94","110"
"Missing catch of NumberFormatException","Calling a string to number conversion method without handling 'NumberFormatException' may cause unexpected runtime exceptions.","recommendation","Potential uncaught 'java.lang.NumberFormatException'.","/core/base/src/main/java/org/eclipse/dataspaceconnector/core/system/CoreServicesExtension.java","90","52","90","136"
"Missing catch of NumberFormatException","Calling a string to number conversion method without handling 'NumberFormatException' may cause unexpected runtime exceptions.","recommendation","Potential uncaught 'java.lang.NumberFormatException'.","/core/base/src/main/java/org/eclipse/dataspaceconnector/core/system/CoreServicesExtension.java","91","57","91","140"
"Missing catch of NumberFormatException","Calling a string to number conversion method without handling 'NumberFormatException' may cause unexpected runtime exceptions.","recommendation","Potential uncaught 'java.lang.NumberFormatException'.","/core/base/src/main/java/org/eclipse/dataspaceconnector/core/system/CoreServicesExtension.java","92","53","92","138"
"Missing catch of NumberFormatException","Calling a string to number conversion method without handling 'NumberFormatException' may cause unexpected runtime exceptions.","recommendation","Potential uncaught 'java.lang.NumberFormatException'.","/core/base/src/main/java/org/eclipse/dataspaceconnector/core/system/CoreServicesExtension.java","93","53","93","138"
"Missing catch of NumberFormatException","Calling a string to number conversion method without handling 'NumberFormatException' may cause unexpected runtime exceptions.","recommendation","Potential uncaught 'java.lang.NumberFormatException'.","/core/base/src/main/java/org/eclipse/dataspaceconnector/core/system/CoreServicesExtension.java","112","26","112","93"
"Missing catch of NumberFormatException","Calling a string to number conversion method without handling 'NumberFormatException' may cause unexpected runtime exceptions.","recommendation","Potential uncaught 'java.lang.NumberFormatException'.","/core/base/src/main/java/org/eclipse/dataspaceconnector/core/system/CoreServicesExtension.java","113","26","113","102"
"Missing catch of NumberFormatException","Calling a string to number conversion method without handling 'NumberFormatException' may cause unexpected runtime exceptions.","recommendation","Potential uncaught 'java.lang.NumberFormatException'.","/core/base/src/main/java/org/eclipse/dataspaceconnector/core/system/CoreServicesExtension.java","114","26","114","105"
"Missing catch of NumberFormatException","Calling a string to number conversion method without handling 'NumberFormatException' may cause unexpected runtime exceptions.","recommendation","Potential uncaught 'java.lang.NumberFormatException'.","/extensions/catalog/federated-catalog-spi/src/main/java/org/eclipse/dataspaceconnector/catalog/spi/PartitionConfiguration.java","30","16","30","116"
"Missing catch of NumberFormatException","Calling a string to number conversion method without handling 'NumberFormatException' may cause unexpected runtime exceptions.","recommendation","Potential uncaught 'java.lang.NumberFormatException'.","/extensions/catalog/federated-catalog-spi/src/main/java/org/eclipse/dataspaceconnector/catalog/spi/PartitionConfiguration.java","35","16","35","107"
"Missing catch of NumberFormatException","Calling a string to number conversion method without handling 'NumberFormatException' may cause unexpected runtime exceptions.","recommendation","Potential uncaught 'java.lang.NumberFormatException'.","/extensions/catalog/federated-catalog-spi/src/main/java/org/eclipse/dataspaceconnector/catalog/spi/PartitionConfiguration.java","40","16","40","113"
"Missing catch of NumberFormatException","Calling a string to number conversion method without handling 'NumberFormatException' may cause unexpected runtime exceptions.","recommendation","Potential uncaught 'java.lang.NumberFormatException'.","/extensions/catalog/federated-catalog-spi/src/main/java/org/eclipse/dataspaceconnector/catalog/spi/PartitionConfiguration.java","44","16","44","108"
"Missing catch of NumberFormatException","Calling a string to number conversion method without handling 'NumberFormatException' may cause unexpected runtime exceptions.","recommendation","Potential uncaught 'java.lang.NumberFormatException'.","/extensions/catalog/federated-catalog-spi/src/main/java/org/eclipse/dataspaceconnector/catalog/spi/PartitionConfiguration.java","48","23","48","100"
"Missing catch of NumberFormatException","Calling a string to number conversion method without handling 'NumberFormatException' may cause unexpected runtime exceptions.","recommendation","Potential uncaught 'java.lang.NumberFormatException'.","/extensions/iam/decentralized-identity/registration-service/src/main/java/org/eclipse/dataspaceconnector/iam/registrationservice/crawler/CrawlerExtension.java","68","27","68","98"
"Missing catch of NumberFormatException","Calling a string to number conversion method without handling 'NumberFormatException' may cause unexpected runtime exceptions.","recommendation","Potential uncaught 'java.lang.NumberFormatException'.","/extensions/iam/oauth2/oauth2-core/src/main/java/org/eclipse/dataspaceconnector/iam/oauth2/core/Oauth2Extension.java","97","30","97","93"
"Missing catch of NumberFormatException","Calling a string to number conversion method without handling 'NumberFormatException' may cause unexpected runtime exceptions.","recommendation","Potential uncaught 'java.lang.NumberFormatException'.","/extensions/ion/ion-core/src/main/java/org/eclipse/dataspaceconnector/ion/util/Base16.java","52","29","52","81"
"Missing catch of NumberFormatException","Calling a string to number conversion method without handling 'NumberFormatException' may cause unexpected runtime exceptions.","recommendation","Potential uncaught 'java.lang.NumberFormatException'.","/extensions/ion/ion-core/src/main/java/org/eclipse/dataspaceconnector/ion/util/Multihash.java","95","28","95","71"
"Exposing internal representation","An object that accidentally exposes its internal representation may allow the object's fields to be modified in ways that the object is not prepared to handle.","recommendation","getAttributes exposes the internal representation stored in field attributes. The value may be modified [[""after this call to getAttributes""|""relative:///core/base/src/test/java/org/eclipse/dataspaceconnector/core/schema/SchemaTest.java:35:24:35:45""]].
getAttributes exposes the internal representation stored in field attributes. The value may be modified [[""after this call to getAttributes""|""relative:///core/base/src/test/java/org/eclipse/dataspaceconnector/core/schema/SchemaTest.java:42:9:42:30""]].
getAttributes exposes the internal representation stored in field attributes. The value may be modified [[""after this call to getAttributes""|""relative:///core/base/src/test/java/org/eclipse/dataspaceconnector/core/schema/SchemaTest.java:43:9:43:30""]].","/spi/core-spi/src/main/java/org/eclipse/dataspaceconnector/spi/types/domain/schema/Schema.java","38","41","38","53"
"Exposing internal representation","An object that accidentally exposes its internal representation may allow the object's fields to be modified in ways that the object is not prepared to handle.","recommendation","getContractOffers exposes the internal representation stored in field contractOffers. The value may be modified [[""after this call to getContractOffers""|""relative:///extensions/azure/cosmos/contract-negotiation-store-cosmos/src/test/java/org/eclipse/dataspaceconnector/contract/negotiation/store/CosmosContractNegotiationStoreIntegrationTest.java:183:9:183:39""]].","/spi/contract-spi/src/main/java/org/eclipse/dataspaceconnector/spi/types/domain/contract/negotiation/ContractNegotiation.java","127","32","127","48"
"Exposing internal representation","An object that accidentally exposes its internal representation may allow the object's fields to be modified in ways that the object is not prepared to handle.","recommendation","getCriteria exposes the internal representation stored in field criteria. The value may be modified [[""after this call to getCriteria""|""relative:///extensions/azure/cosmos/contract-definition-store-cosmos/src/test/java/org/eclipse/dataspaceconnector/contract/definition/store/CosmosContractDefinitionStoreIntegrationTest.java:129:9:129:54""]].
getCriteria exposes the internal representation stored in field criteria. The value may be modified [[""after this call to getCriteria""|""relative:///extensions/azure/cosmos/contract-definition-store-cosmos/src/test/java/org/eclipse/dataspaceconnector/contract/definition/store/CosmosContractDefinitionStoreIntegrationTest.java:165:9:165:56""]].","/spi/core-spi/src/main/java/org/eclipse/dataspaceconnector/spi/asset/AssetSelectorExpression.java","52","28","52","38"
"Exposing internal representation","An object that accidentally exposes its internal representation may allow the object's fields to be modified in ways that the object is not prepared to handle.","recommendation","getProperties exposes the internal representation stored in field properties. The value may be modified [[""after this call to getProperties""|""relative:///extensions/catalog/federated-catalog-spi/src/main/java/org/eclipse/dataspaceconnector/catalog/spi/CachedAsset.java:51:13:51:33""]].
getProperties exposes the internal representation stored in field properties. The value may be modified [[""after this call to getProperties""|""relative:///extensions/catalog/federated-catalog-spi/src/main/java/org/eclipse/dataspaceconnector/catalog/spi/CachedAsset.java:56:13:56:33""]].
getProperties exposes the internal representation stored in field properties. The value may be modified [[""after this call to getProperties""|""relative:///extensions/catalog/federated-catalog-spi/src/main/java/org/eclipse/dataspaceconnector/catalog/spi/CachedAsset.java:61:58:61:78""]].","/spi/core-spi/src/main/java/org/eclipse/dataspaceconnector/spi/types/domain/asset/Asset.java","71","32","71","44"
"Exposing internal representation","An object that accidentally exposes its internal representation may allow the object's fields to be modified in ways that the object is not prepared to handle.","recommendation","CrawlerImpl exposes the internal representation stored in field workItemQueue. The value may be modified [[""through the variable workQueue""|""relative:///extensions/catalog/federated-catalog-cache/src/test/java/org/eclipse/dataspaceconnector/catalog/cache/crawler/CrawlerImplTest.java:175:9:175:17""]].","/extensions/catalog/federated-catalog-cache/src/main/java/org/eclipse/dataspaceconnector/catalog/cache/crawler/CrawlerImpl.java","39","5","39","15"
"Exposing internal representation","An object that accidentally exposes its internal representation may allow the object's fields to be modified in ways that the object is not prepared to handle.","recommendation","getVerificationMethod exposes the internal representation stored in field verificationMethod. The value may be modified [[""after this call to getVerificationMethod""|""relative:///extensions/iam/decentralized-identity/identity-did-core/src/test/java/org/eclipse/dataspaceconnector/iam/did/resolution/DefaultDidPublicKeyResolverTest.java:67:9:67:43""]].
getVerificationMethod exposes the internal representation stored in field verificationMethod. The value may be modified [[""after this call to getVerificationMethod""|""relative:///extensions/iam/decentralized-identity/identity-did-core/src/test/java/org/eclipse/dataspaceconnector/iam/did/resolution/DefaultDidPublicKeyResolverTest.java:82:9:82:43""]].
getVerificationMethod exposes the internal representation stored in field verificationMethod. The value may be modified [[""after this call to getVerificationMethod""|""relative:///extensions/iam/decentralized-identity/identity-did-core/src/test/java/org/eclipse/dataspaceconnector/iam/did/resolution/DefaultDidPublicKeyResolverTest.java:93:9:93:43""]].
getVerificationMethod exposes the internal representation stored in field verificationMethod. The value may be modified [[""after this call to getVerificationMethod""|""relative:///extensions/iam/decentralized-identity/identity-did-core/src/test/java/org/eclipse/dataspaceconnector/iam/did/resolution/DefaultDidPublicKeyResolverTest.java:97:9:97:43""]].
getVerificationMethod exposes the internal representation stored in field verificationMethod. The value may be modified [[""after this call to getVerificationMethod""|""relative:///extensions/iam/decentralized-identity/identity-did-service/src/test/java/org/eclipse/dataspaceconnector/identity/DecentralizedIdentityServiceTest.java:179:17:179:43""]].","/extensions/iam/decentralized-identity/identity-did-spi/src/main/java/org/eclipse/dataspaceconnector/iam/did/spi/document/DidDocument.java","53","37","53","57"
"Constant interface anti-pattern","Implementing an interface (or extending an abstract class) only to put a number of constant definitions into scope is considered bad practice.","recommendation","Type DefaultProxyEntryHandlerRegistry implements constant interface [[""ProxyEntryHandlerRegistry""|""relative:///spi/transfer-spi/src/main/java/org/eclipse/dataspaceconnector/spi/transfer/synchronous/ProxyEntryHandlerRegistry.java:12:18:12:42""]].","/core/transfer/src/main/java/org/eclipse/dataspaceconnector/transfer/core/transfer/DefaultProxyEntryHandlerRegistry.java","8","14","8","45"
"Constant interface anti-pattern","Implementing an interface (or extending an abstract class) only to put a number of constant definitions into scope is considered bad practice.","recommendation","Type  implements constant interface [[""ContractDefinitionLoader""|""relative:///extensions/dataloading/dataloading-contractdef/src/main/java/org/eclipse/dataspaceconnector/dataloading/ContractDefinitionLoader.java:20:18:20:41""]].","/extensions/azure/cosmos/contract-definition-store-cosmos/src/main/java/org/eclipse/dataspaceconnector/contract/definition/store/CosmosContractDefinitionStoreExtension.java","46","43","46","53"
"Confusing overloading of methods","Overloaded methods that have the same number of parameters, where each pair of corresponding parameter types is convertible by casting or autoboxing, may be confusing.","recommendation","Method MultipartController.createFormDataMultiPart(..) could be confused with overloaded method [[""createFormDataMultiPart""|""relative:///data-protocols/ids/ids-api-multipart-endpoint-v1/src/main/java/org/eclipse/dataspaceconnector/ids/api/multipart/controller/MultipartController.java:128:31:128:53""]], since dispatch depends on static types.","/data-protocols/ids/ids-api-multipart-endpoint-v1/src/main/java/org/eclipse/dataspaceconnector/ids/api/multipart/controller/MultipartController.java","132","31","132","53"
"Class has same name as super class","A class that has the same name as its superclass may be confusing.","recommendation","Builder has the same name as its supertype [[""org.eclipse.dataspaceconnector.iam.did.spi.hub.message.HubMessage$Builder""|""relative:///extensions/iam/decentralized-identity/identity-did-spi/src/main/java/org/eclipse/dataspaceconnector/iam/did/spi/hub/message/HubMessage.java:33:25:33:31""]].","/extensions/iam/decentralized-identity/identity-did-spi/src/main/java/org/eclipse/dataspaceconnector/iam/did/spi/hub/message/AbstractHubRequest.java","38","25","38","31"
"Class has same name as super class","A class that has the same name as its superclass may be confusing.","recommendation","Builder has the same name as its supertype [[""org.eclipse.dataspaceconnector.iam.did.spi.hub.message.HubMessage$Builder""|""relative:///extensions/iam/decentralized-identity/identity-did-spi/src/main/java/org/eclipse/dataspaceconnector/iam/did/spi/hub/message/HubMessage.java:33:25:33:31""]].","/extensions/iam/decentralized-identity/identity-did-spi/src/main/java/org/eclipse/dataspaceconnector/iam/did/spi/hub/message/WriteResponse.java","36","25","36","31"
"Class has same name as super class","A class that has the same name as its superclass may be confusing.","recommendation","Builder has the same name as its supertype [[""org.eclipse.dataspaceconnector.iam.did.spi.hub.message.HubMessage$Builder""|""relative:///extensions/iam/decentralized-identity/identity-did-spi/src/main/java/org/eclipse/dataspaceconnector/iam/did/spi/hub/message/HubMessage.java:33:25:33:31""]].","/extensions/iam/decentralized-identity/identity-did-spi/src/main/java/org/eclipse/dataspaceconnector/iam/did/spi/hub/message/CommitQueryResponse.java","48","25","48","31"
"Class has same name as super class","A class that has the same name as its superclass may be confusing.","recommendation","Builder has the same name as its supertype [[""org.eclipse.dataspaceconnector.iam.did.spi.hub.message.HubMessage$Builder""|""relative:///extensions/iam/decentralized-identity/identity-did-spi/src/main/java/org/eclipse/dataspaceconnector/iam/did/spi/hub/message/HubMessage.java:33:25:33:31""]].","/extensions/iam/decentralized-identity/identity-did-spi/src/main/java/org/eclipse/dataspaceconnector/iam/did/spi/hub/message/ObjectQueryResponse.java","48","25","48","31"
"Unread local variable","A local variable that is never read is redundant.","recommendation","Variable 'ContractOffer offer' is never read.","/core/contract/src/main/java/org/eclipse/dataspaceconnector/contract/negotiation/ConsumerContractNegotiationManagerImpl.java","405","13","405","55"
"Unread local variable","A local variable that is never read is redundant.","recommendation","Variable 'ParticipantAgent agent' is never read.","/core/contract/src/main/java/org/eclipse/dataspaceconnector/contract/validation/ContractValidationServiceImpl.java","89","9","89","50"
"Unread local variable","A local variable that is never read is redundant.","recommendation","Variable 'String negotiationId' is never read.","/core/contract/src/test/java/org/eclipse/dataspaceconnector/contract/negotiation/ProviderContractNegotiationManagerImplTest.java","207","9","207","71"
"Unread local variable","A local variable that is never read is redundant.","recommendation","Variable 'String negotiationId' is never read.","/core/contract/src/test/java/org/eclipse/dataspaceconnector/contract/negotiation/ProviderContractNegotiationManagerImplTest.java","228","9","228","71"
"Unread local variable","A local variable that is never read is redundant.","recommendation","Variable 'String negotiationId' is never read.","/core/contract/src/test/java/org/eclipse/dataspaceconnector/contract/negotiation/ProviderContractNegotiationManagerImplTest.java","249","9","249","71"
"Unread local variable","A local variable that is never read is redundant.","recommendation","Variable 'String negotiationId' is never read.","/core/contract/src/test/java/org/eclipse/dataspaceconnector/contract/negotiation/ProviderContractNegotiationManagerImplTest.java","281","9","281","71"
"Unread local variable","A local variable that is never read is redundant.","recommendation","Variable 'String negotiationId' is never read.","/core/contract/src/test/java/org/eclipse/dataspaceconnector/contract/negotiation/ProviderContractNegotiationManagerImplTest.java","297","9","297","71"
"Unread local variable","A local variable that is never read is redundant.","recommendation","Variable 'ContractOffer contractOffer' is never read.","/data-protocols/ids/ids-api-multipart-endpoint-v1/src/main/java/org/eclipse/dataspaceconnector/ids/api/multipart/handler/ContractOfferHandler.java","74","9","74","43"
"Unread local variable","A local variable that is never read is redundant.","recommendation","Variable 'CosmosStoredProcedureResponse storedProcedure' is never read.","/extensions/azure/cosmos/contract-negotiation-store-cosmos/src/test/java/org/eclipse/dataspaceconnector/contract/negotiation/store/CosmosContractNegotiationStoreIntegrationTest.java","322","13","322","97"
"Unread local variable","A local variable that is never read is redundant.","recommendation","Variable 'int pk' is never read.","/extensions/azure/cosmos/contract-negotiation-store-cosmos/src/test/java/org/eclipse/dataspaceconnector/contract/negotiation/store/model/ContractNegotiationDocumentSerializationTest.java","39","9","39","32"
"Unread local variable","A local variable that is never read is redundant.","recommendation","Variable 'CosmosStoredProcedureResponse storedProcedure' is never read.","/extensions/azure/cosmos/transfer-process-store-cosmos/src/test/java/org/eclipse/dataspaceconnector/transfer/store/cosmos/CosmosTransferProcessStoreIntegrationTest.java","454","13","454","97"
"Unread local variable","A local variable that is never read is redundant.","recommendation","Variable 'KeyVaultSecret secret' is never read.","/extensions/azure/vault/src/main/java/org/eclipse/dataspaceconnector/core/security/azure/AzureVault.java","91","13","91","60"
"Unread local variable","A local variable that is never read is redundant.","recommendation","Variable 'File file' is never read.","/launchers/data-loader-cli/src/test/java/org/eclipse/dataspaceconnector/dataloader/cli/LoadCommandTest.java","61","9","61","58"
"Unused classes and interfaces","A non-public class or interface that is not used anywhere in the program wastes programmer resources.","recommendation","Unused class: CollectionUtilTest is not referenced within this codebase. If not used as an external API it should be removed.","/common/util/src/test/java/org/eclipse/dataspaceconnector/common/collection/CollectionUtilTest.java","27","7","27","24"
"Unused classes and interfaces","A non-public class or interface that is not used anywhere in the program wastes programmer resources.","recommendation","Unused class: StringUtilsTest is not referenced within this codebase. If not used as an external API it should be removed.","/common/util/src/test/java/org/eclipse/dataspaceconnector/common/string/StringUtilsTest.java","21","7","21","21"
"Unused classes and interfaces","A non-public class or interface that is not used anywhere in the program wastes programmer resources.","recommendation","Unused class: CoreServicesExtensionTest is not referenced within this codebase. If not used as an external API it should be removed.","/core/base/src/test/java/org/eclipse/dataspaceconnector/core/system/CoreServicesExtensionTest.java","37","7","37","31"
"Unused classes and interfaces","A non-public class or interface that is not used anywhere in the program wastes programmer resources.","recommendation","Unused class: ParticipantAgentServiceImplTest is not referenced within this codebase. If not used as an external API it should be removed.","/core/contract/src/test/java/org/eclipse/dataspaceconnector/contract/agent/ParticipantAgentServiceImplTest.java","31","7","31","37"
"Unused classes and interfaces","A non-public class or interface that is not used anywhere in the program wastes programmer resources.","recommendation","Unused class: ContractIdTest is not referenced within this codebase. If not used as an external API it should be removed.","/core/contract/src/test/java/org/eclipse/dataspaceconnector/contract/common/ContractIdTest.java","20","7","20","20"
"Unused classes and interfaces","A non-public class or interface that is not used anywhere in the program wastes programmer resources.","recommendation","Unused class: ContractDefinitionServiceImplTest is not referenced within this codebase. If not used as an external API it should be removed.","/core/contract/src/test/java/org/eclipse/dataspaceconnector/contract/offer/ContractDefinitionServiceImplTest.java","26","7","26","39"
"Unused classes and interfaces","A non-public class or interface that is not used anywhere in the program wastes programmer resources.","recommendation","Unused class: ActionTest is not referenced within this codebase. If not used as an external API it should be removed.","/core/policy/policy-evaluator/src/test/java/org/eclipse/dataspaceconnector/policy/model/ActionTest.java","22","7","22","16"
"Unused classes and interfaces","A non-public class or interface that is not used anywhere in the program wastes programmer resources.","recommendation","Unused class: AndConstraintTest is not referenced within this codebase. If not used as an external API it should be removed.","/core/policy/policy-evaluator/src/test/java/org/eclipse/dataspaceconnector/policy/model/AndConstraintTest.java","22","7","22","23"
"Unused classes and interfaces","A non-public class or interface that is not used anywhere in the program wastes programmer resources.","recommendation","Unused class: AtomicConstraintTest is not referenced within this codebase. If not used as an external API it should be removed.","/core/policy/policy-evaluator/src/test/java/org/eclipse/dataspaceconnector/policy/model/AtomicConstraintTest.java","22","7","22","26"
"Unused classes and interfaces","A non-public class or interface that is not used anywhere in the program wastes programmer resources.","recommendation","Unused class: DutyTest is not referenced within this codebase. If not used as an external API it should be removed.","/core/policy/policy-evaluator/src/test/java/org/eclipse/dataspaceconnector/policy/model/DutyTest.java","22","7","22","14"
"Unused classes and interfaces","A non-public class or interface that is not used anywhere in the program wastes programmer resources.","recommendation","Unused class: LiteralExpressionTest is not referenced within this codebase. If not used as an external API it should be removed.","/core/policy/policy-evaluator/src/test/java/org/eclipse/dataspaceconnector/policy/model/LiteralExpressionTest.java","22","7","22","27"
"Unused classes and interfaces","A non-public class or interface that is not used anywhere in the program wastes programmer resources.","recommendation","Unused class: OrConstraintTest is not referenced within this codebase. If not used as an external API it should be removed.","/core/policy/policy-evaluator/src/test/java/org/eclipse/dataspaceconnector/policy/model/OrConstraintTest.java","22","7","22","22"
"Unused classes and interfaces","A non-public class or interface that is not used anywhere in the program wastes programmer resources.","recommendation","Unused class: PermissionTest is not referenced within this codebase. If not used as an external API it should be removed.","/core/policy/policy-evaluator/src/test/java/org/eclipse/dataspaceconnector/policy/model/PermissionTest.java","22","7","22","20"
"Unused classes and interfaces","A non-public class or interface that is not used anywhere in the program wastes programmer resources.","recommendation","Unused class: PolicyTest is not referenced within this codebase. If not used as an external API it should be removed.","/core/policy/policy-evaluator/src/test/java/org/eclipse/dataspaceconnector/policy/model/PolicyTest.java","22","7","22","16"
"Unused classes and interfaces","A non-public class or interface that is not used anywhere in the program wastes programmer resources.","recommendation","Unused class: PolicyTypeTest is not referenced within this codebase. If not used as an external API it should be removed.","/core/policy/policy-evaluator/src/test/java/org/eclipse/dataspaceconnector/policy/model/PolicyTypeTest.java","22","7","22","20"
"Unused classes and interfaces","A non-public class or interface that is not used anywhere in the program wastes programmer resources.","recommendation","Unused class: XoneConstraintTest is not referenced within this codebase. If not used as an external API it should be removed.","/core/policy/policy-evaluator/src/test/java/org/eclipse/dataspaceconnector/policy/model/XoneConstraintTest.java","22","7","22","24"
"Unused classes and interfaces","A non-public class or interface that is not used anywhere in the program wastes programmer resources.","recommendation","Unused class: DelegatingTransferProcessManagerTest is not referenced within this codebase. If not used as an external API it should be removed.","/core/transfer/src/test/java/org/eclipse/dataspaceconnector/transfer/core/transfer/DelegatingTransferProcessManagerTest.java","16","7","16","42"
"Unused classes and interfaces","A non-public class or interface that is not used anywhere in the program wastes programmer resources.","recommendation","Unused class: CatalogServiceImplTest is not referenced within this codebase. If not used as an external API it should be removed.","/data-protocols/ids/ids-core/src/test/java/org/eclipse/dataspaceconnector/ids/core/service/CatalogServiceImplTest.java","35","7","35","28"
"Unused classes and interfaces","A non-public class or interface that is not used anywhere in the program wastes programmer resources.","recommendation","Unused class: ConnectorServiceImplTest is not referenced within this codebase. If not used as an external API it should be removed.","/data-protocols/ids/ids-core/src/test/java/org/eclipse/dataspaceconnector/ids/core/service/ConnectorServiceImplTest.java","35","7","35","30"
"Unused classes and interfaces","A non-public class or interface that is not used anywhere in the program wastes programmer resources.","recommendation","Unused class: DynamicAttributeTokenTest is not referenced within this codebase. If not used as an external API it should be removed.","/data-protocols/ids/ids-spi/src/test/java/org/eclipse/dataspaceconnector/ids/spi/domain/iam/DynamicAttributeTokenTest.java","26","7","26","31"
"Unused classes and interfaces","A non-public class or interface that is not used anywhere in the program wastes programmer resources.","recommendation","Unused class: ConstraintToIdsLogicalConstraintTransformerTest is not referenced within this codebase. If not used as an external API it should be removed.","/data-protocols/ids/ids-transform-v1/src/test/java/org/eclipse/dataspaceconnector/ids/transform/ConstraintToIdsLogicalConstraintTransformerTest.java","41","7","41","53"
"Unused classes and interfaces","A non-public class or interface that is not used anywhere in the program wastes programmer resources.","recommendation","Unused class: IdsLogicalConstraintToConstraintTransformerTest is not referenced within this codebase. If not used as an external API it should be removed.","/data-protocols/ids/ids-transform-v1/src/test/java/org/eclipse/dataspaceconnector/ids/transform/IdsLogicalConstraintToConstraintTransformerTest.java","38","7","38","53"
"Unused classes and interfaces","A non-public class or interface that is not used anywhere in the program wastes programmer resources.","recommendation","Unused class: ObservabilityApiExtensionTest is not referenced within this codebase. If not used as an external API it should be removed.","/extensions/api/observability/src/test/java/org/eclipse/dataspaceconnector/api/observability/ObservabilityApiExtensionTest.java","16","7","16","35"
"Unused classes and interfaces","A non-public class or interface that is not used anywhere in the program wastes programmer resources.","recommendation","Unused class: S3BucketProvisionedResourceTest is not referenced within this codebase. If not used as an external API it should be removed.","/extensions/aws/s3/provision/src/test/java/org/eclipse/dataspaceconnector/provision/aws/s3/S3BucketProvisionedResourceTest.java","28","7","28","37"
"Unused classes and interfaces","A non-public class or interface that is not used anywhere in the program wastes programmer resources.","recommendation","Unused class: ObjectContainerProvisionedResourceTest is not referenced within this codebase. If not used as an external API it should be removed.","/extensions/azure/blobstorage/provision/src/test/java/org/eclipse/dataspaceconnector/provision/azure/blob/ObjectContainerProvisionedResourceTest.java","25","7","25","44"
"Unused classes and interfaces","A non-public class or interface that is not used anywhere in the program wastes programmer resources.","recommendation","Unused class: ObjectStorageDefinitionConsumerGeneratorTest is not referenced within this codebase. If not used as an external API it should be removed.","/extensions/azure/blobstorage/provision/src/test/java/org/eclipse/dataspaceconnector/provision/azure/blob/ObjectStorageDefinitionConsumerGeneratorTest.java","31","7","31","50"
"Unused classes and interfaces","A non-public class or interface that is not used anywhere in the program wastes programmer resources.","recommendation","Unused class: AssetDocumentSerializationTest is not referenced within this codebase. If not used as an external API it should be removed.","/extensions/azure/cosmos/assetindex-cosmos/src/test/java/org/eclipse/dataspaceconnector/assetindex/azure/model/AssetDocumentSerializationTest.java","25","7","25","36"
"Unused classes and interfaces","A non-public class or interface that is not used anywhere in the program wastes programmer resources.","recommendation","Unused class: CosmosContractDefinitionStoreTest is not referenced within this codebase. If not used as an external API it should be removed.","/extensions/azure/cosmos/contract-definition-store-cosmos/src/test/java/org/eclipse/dataspaceconnector/contract/definition/store/CosmosContractDefinitionStoreTest.java","24","7","24","39"
"Unused classes and interfaces","A non-public class or interface that is not used anywhere in the program wastes programmer resources.","recommendation","Unused class: ContractDefinitionDocumentSerializationTest is not referenced within this codebase. If not used as an external API it should be removed.","/extensions/azure/cosmos/contract-definition-store-cosmos/src/test/java/org/eclipse/dataspaceconnector/contract/definition/store/model/ContractDefinitionDocumentSerializationTest.java","24","7","24","49"
"Unused classes and interfaces","A non-public class or interface that is not used anywhere in the program wastes programmer resources.","recommendation","Unused class: CosmosContractNegotiationStoreTest is not referenced within this codebase. If not used as an external API it should be removed.","/extensions/azure/cosmos/contract-negotiation-store-cosmos/src/test/java/org/eclipse/dataspaceconnector/contract/negotiation/store/CosmosContractNegotiationStoreTest.java","24","7","24","40"
"Unused classes and interfaces","A non-public class or interface that is not used anywhere in the program wastes programmer resources.","recommendation","Unused class: ContractNegotiationDocumentSerializationTest is not referenced within this codebase. If not used as an external API it should be removed.","/extensions/azure/cosmos/contract-negotiation-store-cosmos/src/test/java/org/eclipse/dataspaceconnector/contract/negotiation/store/model/ContractNegotiationDocumentSerializationTest.java","24","7","24","50"
"Unused classes and interfaces","A non-public class or interface that is not used anywhere in the program wastes programmer resources.","recommendation","Unused class: FederatedCacheNodeDocumentSerializationTest is not referenced within this codebase. If not used as an external API it should be removed.","/extensions/azure/cosmos/fcc-node-directory-cosmos/src/test/java/org/eclipse/dataspaceconnector/catalog/node/directory/azure/model/FederatedCacheNodeDocumentSerializationTest.java","26","7","26","49"
"Unused classes and interfaces","A non-public class or interface that is not used anywhere in the program wastes programmer resources.","recommendation","Unused class: TransferProcessDocumentSerializationTest is not referenced within this codebase. If not used as an external API it should be removed.","/extensions/azure/cosmos/transfer-process-store-cosmos/src/test/java/org/eclipse/dataspaceconnector/transfer/store/cosmos/model/TransferProcessDocumentSerializationTest.java","27","7","27","46"
"Unused classes and interfaces","A non-public class or interface that is not used anywhere in the program wastes programmer resources.","recommendation","Unused class: AzureCertificateResolverTest is not referenced within this codebase. If not used as an external API it should be removed.","/extensions/azure/vault/src/test/java/org/eclipse/dataspaceconnector/core/security/azure/AzureCertificateResolverTest.java","25","7","25","34"
"Unused classes and interfaces","A non-public class or interface that is not used anywhere in the program wastes programmer resources.","recommendation","Unused interface: PrivateTestKeys is not referenced within this codebase. If not used as an external API it should be removed.","/extensions/azure/vault/src/test/java/org/eclipse/dataspaceconnector/core/security/azure/PrivateTestKeys.java","20","11","20","25"
"Unused classes and interfaces","A non-public class or interface that is not used anywhere in the program wastes programmer resources.","recommendation","Unused class: QueryEngineImplTest is not referenced within this codebase. If not used as an external API it should be removed.","/extensions/catalog/federated-catalog-cache/src/test/java/org/eclipse/dataspaceconnector/catalog/cache/query/QueryEngineImplTest.java","19","7","19","25"
"Unused classes and interfaces","A non-public class or interface that is not used anywhere in the program wastes programmer resources.","recommendation","Unused class: CachedAssetTest is not referenced within this codebase. If not used as an external API it should be removed.","/extensions/catalog/federated-catalog-spi/src/test/java/org/eclipse/dataspaceconnector/catalog/spi/CachedAssetTest.java","9","7","9","21"
"Unused classes and interfaces","A non-public class or interface that is not used anywhere in the program wastes programmer resources.","recommendation","Unused class: DapsJwtDecoratorTest is not referenced within this codebase. If not used as an external API it should be removed.","/extensions/iam/daps/src/test/java/org/eclipse/dataspaceconnector/iam/daps/DapsJwtDecoratorTest.java","25","7","25","26"
"Unused classes and interfaces","A non-public class or interface that is not used anywhere in the program wastes programmer resources.","recommendation","Unused class: IdentityDidCoreExtensionTest is not referenced within this codebase. If not used as an external API it should be removed.","/extensions/iam/decentralized-identity/identity-did-core/src/test/java/org/eclipse/dataspaceconnector/iam/did/IdentityDidCoreExtensionTest.java","29","7","29","34"
"Unused classes and interfaces","A non-public class or interface that is not used anywhere in the program wastes programmer resources.","recommendation","Unused class: GenericJweWriterReaderTest is not referenced within this codebase. If not used as an external API it should be removed.","/extensions/iam/decentralized-identity/identity-did-core/src/test/java/org/eclipse/dataspaceconnector/iam/did/hub/jwe/GenericJweWriterReaderTest.java","14","7","14","32"
"Unused classes and interfaces","A non-public class or interface that is not used anywhere in the program wastes programmer resources.","recommendation","Unused class: DefaultDidPublicKeyResolverTest is not referenced within this codebase. If not used as an external API it should be removed.","/extensions/iam/decentralized-identity/identity-did-core/src/test/java/org/eclipse/dataspaceconnector/iam/did/resolution/DefaultDidPublicKeyResolverTest.java","24","7","24","37"
"Unused classes and interfaces","A non-public class or interface that is not used anywhere in the program wastes programmer resources.","recommendation","Unused class: VerifiableCredentialFactoryTest is not referenced within this codebase. If not used as an external API it should be removed.","/extensions/iam/decentralized-identity/identity-did-crypto/src/test/java/org/eclipse/dataspaceconnector/iam/did/crypto/credentials/VerifiableCredentialFactoryTest.java","16","7","16","37"
"Unused classes and interfaces","A non-public class or interface that is not used anywhere in the program wastes programmer resources.","recommendation","Unused class: KeyPairFactoryTest is not referenced within this codebase. If not used as an external API it should be removed.","/extensions/iam/decentralized-identity/identity-did-crypto/src/test/java/org/eclipse/dataspaceconnector/iam/did/crypto/key/KeyPairFactoryTest.java","5","7","5","24"
"Unused classes and interfaces","A non-public class or interface that is not used anywhere in the program wastes programmer resources.","recommendation","Unused class: CommitQueryRequestTest is not referenced within this codebase. If not used as an external API it should be removed.","/extensions/iam/decentralized-identity/identity-did-spi/src/test/java/org/eclipse/dataspaceconnector/iam/did/spi/hub/message/CommitQueryRequestTest.java","22","7","22","28"
"Unused classes and interfaces","A non-public class or interface that is not used anywhere in the program wastes programmer resources.","recommendation","Unused class: CommitQueryResponseTest is not referenced within this codebase. If not used as an external API it should be removed.","/extensions/iam/decentralized-identity/identity-did-spi/src/test/java/org/eclipse/dataspaceconnector/iam/did/spi/hub/message/CommitQueryResponseTest.java","22","7","22","29"
"Unused classes and interfaces","A non-public class or interface that is not used anywhere in the program wastes programmer resources.","recommendation","Unused class: CommitQueryTest is not referenced within this codebase. If not used as an external API it should be removed.","/extensions/iam/decentralized-identity/identity-did-spi/src/test/java/org/eclipse/dataspaceconnector/iam/did/spi/hub/message/CommitQueryTest.java","22","7","22","21"
"Unused classes and interfaces","A non-public class or interface that is not used anywhere in the program wastes programmer resources.","recommendation","Unused class: CommitTest is not referenced within this codebase. If not used as an external API it should be removed.","/extensions/iam/decentralized-identity/identity-did-spi/src/test/java/org/eclipse/dataspaceconnector/iam/did/spi/hub/message/CommitTest.java","22","7","22","16"
"Unused classes and interfaces","A non-public class or interface that is not used anywhere in the program wastes programmer resources.","recommendation","Unused class: ErrorResponseTest is not referenced within this codebase. If not used as an external API it should be removed.","/extensions/iam/decentralized-identity/identity-did-spi/src/test/java/org/eclipse/dataspaceconnector/iam/did/spi/hub/message/ErrorResponseTest.java","22","7","22","23"
"Unused classes and interfaces","A non-public class or interface that is not used anywhere in the program wastes programmer resources.","recommendation","Unused class: HubObjectTest is not referenced within this codebase. If not used as an external API it should be removed.","/extensions/iam/decentralized-identity/identity-did-spi/src/test/java/org/eclipse/dataspaceconnector/iam/did/spi/hub/message/HubObjectTest.java","24","7","24","19"
"Unused classes and interfaces","A non-public class or interface that is not used anywhere in the program wastes programmer resources.","recommendation","Unused class: ObjectQueryRequestTest is not referenced within this codebase. If not used as an external API it should be removed.","/extensions/iam/decentralized-identity/identity-did-spi/src/test/java/org/eclipse/dataspaceconnector/iam/did/spi/hub/message/ObjectQueryRequestTest.java","24","7","24","28"
"Unused classes and interfaces","A non-public class or interface that is not used anywhere in the program wastes programmer resources.","recommendation","Unused class: ObjectQueryResponseTest is not referenced within this codebase. If not used as an external API it should be removed.","/extensions/iam/decentralized-identity/identity-did-spi/src/test/java/org/eclipse/dataspaceconnector/iam/did/spi/hub/message/ObjectQueryResponseTest.java","22","7","22","29"
"Unused classes and interfaces","A non-public class or interface that is not used anywhere in the program wastes programmer resources.","recommendation","Unused class: ObjectQueryTest is not referenced within this codebase. If not used as an external API it should be removed.","/extensions/iam/decentralized-identity/identity-did-spi/src/test/java/org/eclipse/dataspaceconnector/iam/did/spi/hub/message/ObjectQueryTest.java","24","7","24","21"
"Unused classes and interfaces","A non-public class or interface that is not used anywhere in the program wastes programmer resources.","recommendation","Unused class: WriteRequestTest is not referenced within this codebase. If not used as an external API it should be removed.","/extensions/iam/decentralized-identity/identity-did-spi/src/test/java/org/eclipse/dataspaceconnector/iam/did/spi/hub/message/WriteRequestTest.java","22","7","22","22"
"Unused classes and interfaces","A non-public class or interface that is not used anywhere in the program wastes programmer resources.","recommendation","Unused class: WriteResponseTest is not referenced within this codebase. If not used as an external API it should be removed.","/extensions/iam/decentralized-identity/identity-did-spi/src/test/java/org/eclipse/dataspaceconnector/iam/did/spi/hub/message/WriteResponseTest.java","22","7","22","23"
"Unused classes and interfaces","A non-public class or interface that is not used anywhere in the program wastes programmer resources.","recommendation","Unused class: FingerprintTest is not referenced within this codebase. If not used as an external API it should be removed.","/extensions/iam/oauth2/oauth2-core/src/test/java/org/eclipse/dataspaceconnector/iam/oauth2/core/impl/FingerprintTest.java","28","7","28","21"
"Unused classes and interfaces","A non-public class or interface that is not used anywhere in the program wastes programmer resources.","recommendation","Unused class: Oauth2ServiceImplTest is not referenced within this codebase. If not used as an external API it should be removed.","/extensions/iam/oauth2/oauth2-core/src/test/java/org/eclipse/dataspaceconnector/iam/oauth2/core/impl/Oauth2ServiceImplTest.java","46","7","46","27"
"Unused classes and interfaces","A non-public class or interface that is not used anywhere in the program wastes programmer resources.","recommendation","Unused class: Oauth2ValidationRuleTest is not referenced within this codebase. If not used as an external API it should be removed.","/extensions/iam/oauth2/oauth2-core/src/test/java/org/eclipse/dataspaceconnector/iam/oauth2/core/impl/Oauth2ValidationRuleTest.java","13","7","13","30"
"Unused classes and interfaces","A non-public class or interface that is not used anywhere in the program wastes programmer resources.","recommendation","Unused class: InMemoryAssetIndexTest is not referenced within this codebase. If not used as an external API it should be removed.","/extensions/in-memory/assetindex-memory/src/test/java/org/eclipse/dataspaceconnector/metadata/memory/InMemoryAssetIndexTest.java","21","7","21","28"
"Unused classes and interfaces","A non-public class or interface that is not used anywhere in the program wastes programmer resources.","recommendation","Unused class: InMemoryContractDefinitionStoreTest is not referenced within this codebase. If not used as an external API it should be removed.","/extensions/in-memory/contractdefinition-store-memory/src/test/java/org/eclipse/dataspaceconnector/contractdefinition/store/memory/InMemoryContractDefinitionStoreTest.java","25","7","25","41"
"Unused classes and interfaces","A non-public class or interface that is not used anywhere in the program wastes programmer resources.","recommendation","Unused class: InMemoryDidDocumentStoreTest is not referenced within this codebase. If not used as an external API it should be removed.","/extensions/in-memory/did-document-store-inmem/src/test/java/org/eclipse/dataspaceconnector/samples/identity/did/InMemoryDidDocumentStoreTest.java","17","7","17","34"
"Unused classes and interfaces","A non-public class or interface that is not used anywhere in the program wastes programmer resources.","recommendation","Unused class: InMemoryIdentityHubStoreTest is not referenced within this codebase. If not used as an external API it should be removed.","/extensions/in-memory/identity-hub-memory/src/test/java/org/eclipse/dataspaceconnector/iam/did/hub/memory/InMemoryIdentityHubStoreTest.java","24","7","24","34"
"Unused classes and interfaces","A non-public class or interface that is not used anywhere in the program wastes programmer resources.","recommendation","Unused class: DidDocumentTest is not referenced within this codebase. If not used as an external API it should be removed.","/extensions/ion/ion-core/src/test/java/org/eclipse/dataspaceconnector/ion/dto/did/DidDocumentTest.java","27","7","27","21"
"Unused classes and interfaces","A non-public class or interface that is not used anywhere in the program wastes programmer resources.","recommendation","Unused class: DidDocumentSerializationTest is not referenced within this codebase. If not used as an external API it should be removed.","/extensions/ion/ion-core/src/test/java/org/eclipse/dataspaceconnector/ion/model/did/resolution/DidDocumentSerializationTest.java","13","7","13","34"
"Unused classes and interfaces","A non-public class or interface that is not used anywhere in the program wastes programmer resources.","recommendation","Unused class: HexStringUtilsTest is not referenced within this codebase. If not used as an external API it should be removed.","/extensions/ion/ion-core/src/test/java/org/eclipse/dataspaceconnector/ion/util/HexStringUtilsTest.java","7","7","7","24"
"Unused classes and interfaces","A non-public class or interface that is not used anywhere in the program wastes programmer resources.","recommendation","Unused class: JsonCanonicalizerTest is not referenced within this codebase. If not used as an external API it should be removed.","/extensions/ion/ion-core/src/test/java/org/eclipse/dataspaceconnector/ion/util/JsonCanonicalizerTest.java","11","7","11","27"
"Unused classes and interfaces","A non-public class or interface that is not used anywhere in the program wastes programmer resources.","recommendation","Unused class: AbsSpatialPositionConstraintFunctionTest is not referenced within this codebase. If not used as an external API it should be removed.","/extensions/policy/ids-policy/src/test/java/org/eclipse/dataspaceconnector/ids/policy/AbsSpatialPositionConstraintFunctionTest.java","18","7","18","46"
"Unused classes and interfaces","A non-public class or interface that is not used anywhere in the program wastes programmer resources.","recommendation","Unused class: PartnerLevelConstraintFunctionTest is not referenced within this codebase. If not used as an external API it should be removed.","/extensions/policy/ids-policy/src/test/java/org/eclipse/dataspaceconnector/ids/policy/PartnerLevelConstraintFunctionTest.java","17","7","17","40"
"Unused classes and interfaces","A non-public class or interface that is not used anywhere in the program wastes programmer resources.","recommendation","Unused class: QueueEntry is not referenced within this codebase. If not used as an external API it should be removed.","/samples/other/streaming/src/main/java/org/eclipse/dataspaceconnector/transfer/demo/protocols/object/DemoObjectStorage.java","101","26","101","35"
"Unused classes and interfaces","A non-public class or interface that is not used anywhere in the program wastes programmer resources.","recommendation","Unused class: ConnectMessageTest is not referenced within this codebase. If not used as an external API it should be removed.","/samples/other/streaming/src/test/java/org/eclipse/dataspaceconnector/transfer/demo/protocols/spi/ConnectMessageTest.java","27","7","27","24"
"Unused classes and interfaces","A non-public class or interface that is not used anywhere in the program wastes programmer resources.","recommendation","Unused class: ObjectStorageMessageTest is not referenced within this codebase. If not used as an external API it should be removed.","/samples/other/streaming/src/test/java/org/eclipse/dataspaceconnector/transfer/demo/protocols/spi/ObjectStorageMessageTest.java","26","7","26","30"
"Unused classes and interfaces","A non-public class or interface that is not used anywhere in the program wastes programmer resources.","recommendation","Unused class: ContractDefinitionTest is not referenced within this codebase. If not used as an external API it should be removed.","/spi/contract-spi/src/test/java/org/eclipse/dataspaceconnector/spi/types/domain/contract/offer/ContractDefinitionTest.java","11","7","11","28"
"Unused classes and interfaces","A non-public class or interface that is not used anywhere in the program wastes programmer resources.","recommendation","Unused class: AssetTest is not referenced within this codebase. If not used as an external API it should be removed.","/spi/core-spi/src/test/java/org/eclipse/dataspaceconnector/spi/types/domain/asset/AssetTest.java","10","7","10","15"
"Unused classes and interfaces","A non-public class or interface that is not used anywhere in the program wastes programmer resources.","recommendation","Unused class: QueryRequestTest is not referenced within this codebase. If not used as an external API it should be removed.","/spi/core-spi/src/test/java/org/eclipse/dataspaceconnector/spi/types/domain/metadata/QueryRequestTest.java","11","7","11","22"
"Unused classes and interfaces","A non-public class or interface that is not used anywhere in the program wastes programmer resources.","recommendation","Unused class: ProvisionedResourceTest is not referenced within this codebase. If not used as an external API it should be removed.","/spi/transfer-spi/src/test/java/org/eclipse/dataspaceconnector/spi/types/domain/transfer/ProvisionedResourceTest.java","26","7","26","29"
"Unused classes and interfaces","A non-public class or interface that is not used anywhere in the program wastes programmer resources.","recommendation","Unused class: ResourceDefinitionTest is not referenced within this codebase. If not used as an external API it should be removed.","/spi/transfer-spi/src/test/java/org/eclipse/dataspaceconnector/spi/types/domain/transfer/ResourceDefinitionTest.java","26","7","26","28"
"Unused classes and interfaces","A non-public class or interface that is not used anywhere in the program wastes programmer resources.","recommendation","Unused class: ResourceManifestTest is not referenced within this codebase. If not used as an external API it should be removed.","/spi/transfer-spi/src/test/java/org/eclipse/dataspaceconnector/spi/types/domain/transfer/ResourceManifestTest.java","25","7","25","26"
"Useless parameter","Parameters that are not used add unnecessary complexity to an interface.","recommendation","The parameter runtimeName is unused.","/core/base/src/main/java/org/eclipse/dataspaceconnector/core/monitor/ConsoleMonitor.java","40","27","40","54"
"Useless parameter","Parameters that are not used add unnecessary complexity to an interface.","recommendation","The parameter context is unused.","/spi/contract-spi/src/main/java/org/eclipse/dataspaceconnector/spi/contract/policy/RuleFunction.java","26","30","26","50"
"Useless parameter","Parameters that are not used add unnecessary complexity to an interface.","recommendation","The parameter rule is unused.","/spi/contract-spi/src/main/java/org/eclipse/dataspaceconnector/spi/contract/policy/AtomicConstraintFunction.java","34","60","34","65"
"Useless parameter","Parameters that are not used add unnecessary complexity to an interface.","recommendation","The parameter context is unused.","/data-protocols/ids/ids-core/src/main/java/org/eclipse/dataspaceconnector/ids/core/message/IdsMessageSender.java","35","42","35","63"
"Useless parameter","Parameters that are not used add unnecessary complexity to an interface.","recommendation","The parameter payload is unused.","/data-protocols/ids/ids-api-multipart-endpoint-v1/src/main/java/org/eclipse/dataspaceconnector/ids/api/multipart/handler/description/DescriptionRequestHandler.java","31","13","31","36"
"Useless parameter","Parameters that are not used add unnecessary complexity to an interface.","recommendation","The parameter element is unused.","/data-protocols/ids/ids-spi/src/main/java/org/eclipse/dataspaceconnector/ids/spi/descriptor/IdsDescriptorService.java","27","36","27","49"
"Useless parameter","Parameters that are not used add unnecessary complexity to an interface.","recommendation","The parameter serviceExtensionContext is unused.","/data-protocols/ids/ids-transform-v1/src/main/java/org/eclipse/dataspaceconnector/ids/transform/IdsTransformServiceExtension.java","46","39","46","85"
"Useless parameter","Parameters that are not used add unnecessary complexity to an interface.","recommendation","The parameter containerName is unused.","/extensions/azure/blobstorage/api/src/main/java/org/eclipse/dataspaceconnector/common/azure/BlobStoreApi.java","38","49","38","68"
"Useless parameter","Parameters that are not used add unnecessary complexity to an interface.","recommendation","The parameter query is unused.","/extensions/catalog/federated-catalog-spi/src/main/java/org/eclipse/dataspaceconnector/catalog/spi/CacheQueryAdapter.java","34","24","34","55"
"Useless parameter","Parameters that are not used add unnecessary complexity to an interface.","recommendation","The parameter publicKey is unused.","/extensions/iam/decentralized-identity/identity-did-spi/src/main/java/org/eclipse/dataspaceconnector/iam/did/spi/credentials/CredentialsVerifier.java","37","70","37","95"
"Useless parameter","Parameters that are not used add unnecessary complexity to an interface.","recommendation","The parameter interceptor is unused.","/launchers/junit/src/testFixtures/java/org/eclipse/dataspaceconnector/junit/launcher/EdcExtension.java","71","37","71","59"
"Useless parameter","Parameters that are not used add unnecessary complexity to an interface.","recommendation","The parameter context is unused.","/samples/04.0-file-transfer/transfer-file/src/main/java/org/eclipse/dataspaceconnector/extensions/api/FileTransferExtension.java","98","45","98","75"
"Useless parameter","Parameters that are not used add unnecessary complexity to an interface.","recommendation","The parameter topicName is unused.","/samples/other/streaming/src/main/java/org/eclipse/dataspaceconnector/transfer/demo/protocols/spi/stream/StreamObserver.java","25","20","25","35"
"Useless parameter","Parameters that are not used add unnecessary complexity to an interface.","recommendation","The parameter session is unused.","/samples/other/streaming/src/main/java/org/eclipse/dataspaceconnector/transfer/demo/protocols/ws/PubSubClientEndpoint.java","47","25","47","39"
"Useless parameter","Parameters that are not used add unnecessary complexity to an interface.","recommendation","The parameter reason is unused.","/samples/other/streaming/src/main/java/org/eclipse/dataspaceconnector/transfer/demo/protocols/ws/PubSubClientEndpoint.java","57","23","57","40"
"Useless parameter","Parameters that are not used add unnecessary complexity to an interface.","recommendation","The parameter dataMessage is unused.","/samples/other/streaming/src/main/java/org/eclipse/dataspaceconnector/transfer/demo/protocols/ws/PubSubConsumer.java","22","17","22","39"
"Useless parameter","Parameters that are not used add unnecessary complexity to an interface.","recommendation","The parameter hash is unused.","/spi/contract-spi/src/main/java/org/eclipse/dataspaceconnector/spi/contract/negotiation/ConsumerContractNegotiationManager.java","38","106","38","116"
"Useless parameter","Parameters that are not used add unnecessary complexity to an interface.","recommendation","The parameter hash is unused.","/spi/contract-spi/src/main/java/org/eclipse/dataspaceconnector/spi/contract/negotiation/ConsumerContractNegotiationManager.java","43","101","43","111"
"Useless parameter","Parameters that are not used add unnecessary complexity to an interface.","recommendation","The parameter token is unused.","/spi/contract-spi/src/main/java/org/eclipse/dataspaceconnector/spi/contract/negotiation/ContractNegotiationManager.java","33","32","33","47"
"Useless parameter","Parameters that are not used add unnecessary complexity to an interface.","recommendation","The parameter hash is unused.","/spi/contract-spi/src/main/java/org/eclipse/dataspaceconnector/spi/contract/negotiation/ProviderContractNegotiationManager.java","38","98","38","108"
"Useless parameter","Parameters that are not used add unnecessary complexity to an interface.","recommendation","The parameter token is unused.","/spi/contract-spi/src/main/java/org/eclipse/dataspaceconnector/spi/contract/negotiation/ProviderContractNegotiationManager.java","43","40","43","55"
"Useless parameter","Parameters that are not used add unnecessary complexity to an interface.","recommendation","The parameter agreement is unused.","/spi/contract-spi/src/main/java/org/eclipse/dataspaceconnector/spi/contract/negotiation/ProviderContractNegotiationManager.java","43","80","43","106"
"Useless parameter","Parameters that are not used add unnecessary complexity to an interface.","recommendation","The parameter hash is unused.","/spi/contract-spi/src/main/java/org/eclipse/dataspaceconnector/spi/contract/negotiation/ProviderContractNegotiationManager.java","43","109","43","119"
"Useless parameter","Parameters that are not used add unnecessary complexity to an interface.","recommendation","The parameter latestOffer is unused.","/spi/contract-spi/src/main/java/org/eclipse/dataspaceconnector/spi/contract/validation/ContractValidationService.java","39","75","39","99"
"Useless parameter","Parameters that are not used add unnecessary complexity to an interface.","recommendation","The parameter token is unused.","/spi/contract-spi/src/main/java/org/eclipse/dataspaceconnector/spi/contract/validation/ContractValidationService.java","49","22","49","37"
"Useless parameter","Parameters that are not used add unnecessary complexity to an interface.","recommendation","The parameter agreement is unused.","/spi/contract-spi/src/main/java/org/eclipse/dataspaceconnector/spi/contract/validation/ContractValidationService.java","49","40","49","66"
"Useless parameter","Parameters that are not used add unnecessary complexity to an interface.","recommendation","The parameter latestOffer is unused.","/spi/contract-spi/src/main/java/org/eclipse/dataspaceconnector/spi/contract/validation/ContractValidationService.java","49","69","49","93"
"Useless parameter","Parameters that are not used add unnecessary complexity to an interface.","recommendation","The parameter responseType is unused.","/spi/core-spi/src/main/java/org/eclipse/dataspaceconnector/spi/message/RemoteMessageDispatcher.java","39","35","39","55"
"Useless parameter","Parameters that are not used add unnecessary complexity to an interface.","recommendation","The parameter process is unused.","/spi/transfer-spi/src/main/java/org/eclipse/dataspaceconnector/spi/transfer/TransferProcessListener.java","44","31","44","53"
"Useless parameter","Parameters that are not used add unnecessary complexity to an interface.","recommendation","The parameter process is unused.","/spi/transfer-spi/src/main/java/org/eclipse/dataspaceconnector/spi/transfer/TransferProcessListener.java","53","30","53","52"
"Useless parameter","Parameters that are not used add unnecessary complexity to an interface.","recommendation","The parameter process is unused.","/spi/transfer-spi/src/main/java/org/eclipse/dataspaceconnector/spi/transfer/TransferProcessListener.java","62","29","62","51"
"Useless parameter","Parameters that are not used add unnecessary complexity to an interface.","recommendation","The parameter process is unused.","/spi/transfer-spi/src/main/java/org/eclipse/dataspaceconnector/spi/transfer/TransferProcessListener.java","80","33","80","55"
"Useless parameter","Parameters that are not used add unnecessary complexity to an interface.","recommendation","The parameter process is unused.","/spi/transfer-spi/src/main/java/org/eclipse/dataspaceconnector/spi/transfer/TransferProcessListener.java","116","28","116","50"
"Useless parameter","Parameters that are not used add unnecessary complexity to an interface.","recommendation","The parameter processId is unused.","/spi/transfer-spi/src/main/java/org/eclipse/dataspaceconnector/spi/transfer/store/TransferProcessStore.java","60","21","60","36"
"Useless parameter","Parameters that are not used add unnecessary complexity to an interface.","recommendation","The parameter key is unused.","/spi/transfer-spi/src/main/java/org/eclipse/dataspaceconnector/spi/transfer/store/TransferProcessStore.java","60","39","60","48"
"Useless parameter","Parameters that are not used add unnecessary complexity to an interface.","recommendation","The parameter data is unused.","/spi/transfer-spi/src/main/java/org/eclipse/dataspaceconnector/spi/transfer/store/TransferProcessStore.java","60","51","60","61"
"Useless parameter","Parameters that are not used add unnecessary complexity to an interface.","recommendation","The parameter processId is unused.","/spi/transfer-spi/src/main/java/org/eclipse/dataspaceconnector/spi/transfer/store/TransferProcessStore.java","62","21","62","36"
"Useless parameter","Parameters that are not used add unnecessary complexity to an interface.","recommendation","The parameter key is unused.","/spi/transfer-spi/src/main/java/org/eclipse/dataspaceconnector/spi/transfer/store/TransferProcessStore.java","62","39","62","48"
"Useless parameter","Parameters that are not used add unnecessary complexity to an interface.","recommendation","The parameter data is unused.","/spi/transfer-spi/src/main/java/org/eclipse/dataspaceconnector/spi/transfer/store/TransferProcessStore.java","62","51","62","61"
"Useless parameter","Parameters that are not used add unnecessary complexity to an interface.","recommendation","The parameter processId is unused.","/spi/transfer-spi/src/main/java/org/eclipse/dataspaceconnector/spi/transfer/store/TransferProcessStore.java","64","21","64","36"
"Useless parameter","Parameters that are not used add unnecessary complexity to an interface.","recommendation","The parameter key is unused.","/spi/transfer-spi/src/main/java/org/eclipse/dataspaceconnector/spi/transfer/store/TransferProcessStore.java","64","39","64","48"
"Useless parameter","Parameters that are not used add unnecessary complexity to an interface.","recommendation","The parameter processId is unused.","/spi/transfer-spi/src/main/java/org/eclipse/dataspaceconnector/spi/transfer/store/TransferProcessStore.java","66","21","66","36"
"Useless parameter","Parameters that are not used add unnecessary complexity to an interface.","recommendation","The parameter keys is unused.","/spi/transfer-spi/src/main/java/org/eclipse/dataspaceconnector/spi/transfer/store/TransferProcessStore.java","66","39","66","54"
"Useless parameter","Parameters that are not used add unnecessary complexity to an interface.","recommendation","The parameter type is unused.","/spi/transfer-spi/src/main/java/org/eclipse/dataspaceconnector/spi/transfer/store/TransferProcessStore.java","68","20","68","32"
"Useless parameter","Parameters that are not used add unnecessary complexity to an interface.","recommendation","The parameter processId is unused.","/spi/transfer-spi/src/main/java/org/eclipse/dataspaceconnector/spi/transfer/store/TransferProcessStore.java","68","35","68","50"
"Useless parameter","Parameters that are not used add unnecessary complexity to an interface.","recommendation","The parameter resourceDefinitionId is unused.","/spi/transfer-spi/src/main/java/org/eclipse/dataspaceconnector/spi/transfer/store/TransferProcessStore.java","68","53","68","79"
"Useless parameter","Parameters that are not used add unnecessary complexity to an interface.","recommendation","The parameter request is unused.","/spi/transfer-spi/src/main/java/org/eclipse/dataspaceconnector/spi/transfer/synchronous/DataProxy.java","7","24","7","42"
"Inner class could be static","A non-static nested class keeps a reference to the enclosing object, which makes the nested class bigger and may cause a memory leak.","recommendation","FakeConsoleMonitor should be made static, since the enclosing instance is not used.","/core/contract/src/test/java/org/eclipse/dataspaceconnector/contract/negotiation/AbstractContractNegotiationIntegrationTest.java","209","21","209","38"
"Inner class could be static","A non-static nested class keeps a reference to the enclosing object, which makes the nested class bigger and may cause a memory leak.","recommendation","SignalingInMemoryContractNegotiationStore should be made static, since the enclosing instance is not used.","/core/contract/src/test/java/org/eclipse/dataspaceconnector/contract/negotiation/AbstractContractNegotiationIntegrationTest.java","100","21","100","61"
"Missing Override annotation","A method that overrides a method in a superclass but does not have an 'Override' annotation cannot take advantage of compiler checks, and makes code less readable.","recommendation","This method overrides [[""ContractDefinitionService.definitionFor""|""relative:///spi/contract-spi/src/main/java/org/eclipse/dataspaceconnector/spi/contract/offer/ContractDefinitionService.java:42:24:42:36""]]; it is advisable to add an Override annotation.","/core/contract/src/main/java/org/eclipse/dataspaceconnector/contract/offer/ContractDefinitionServiceImpl.java","51","31","51","43"
"Missing Override annotation","A method that overrides a method in a superclass but does not have an 'Override' annotation cannot take advantage of compiler checks, and makes code less readable.","recommendation","This method overrides [[""MultiplicityConstraint.getConstraints""|""relative:///core/policy/policy-evaluator/src/main/java/org/eclipse/dataspaceconnector/policy/model/MultiplicityConstraint.java:29:29:29:42""]]; it is advisable to add an Override annotation.","/core/policy/policy-evaluator/src/main/java/org/eclipse/dataspaceconnector/policy/model/XoneConstraint.java","33","29","33","42"
"Missing Override annotation","A method that overrides a method in a superclass but does not have an 'Override' annotation cannot take advantage of compiler checks, and makes code less readable.","recommendation","This method overrides [[""AbstractDescriptionRequestHandler<Catalog,ResourceCatalog>.retrieveObject""|""file:///Users/marcgomez/Dev/EDC/Agera-DataSpaceConnector/data-protocols/ids/ids-api-multipart-endpoint-v1/src/main/java/org/eclipse/dataspaceconnector/ids/api/multipart/handler/description/AbstractDescriptionRequestHandler.class:0:0:0:0""]]; it is advisable to add an Override annotation.","/data-protocols/ids/ids-api-multipart-endpoint-v1/src/main/java/org/eclipse/dataspaceconnector/ids/api/multipart/handler/description/DataCatalogDescriptionRequestHandler.java","46","23","46","36"
"Missing Override annotation","A method that overrides a method in a superclass but does not have an 'Override' annotation cannot take advantage of compiler checks, and makes code less readable.","recommendation","This method overrides [[""AbstractDescriptionRequestHandler<OfferedAsset,Resource>.retrieveObject""|""file:///Users/marcgomez/Dev/EDC/Agera-DataSpaceConnector/data-protocols/ids/ids-api-multipart-endpoint-v1/src/main/java/org/eclipse/dataspaceconnector/ids/api/multipart/handler/description/AbstractDescriptionRequestHandler.class:0:0:0:0""]]; it is advisable to add an Override annotation.
This method overrides [[""AbstractDescriptionRequestHandler<OfferedAsset,Resource>.retrieveObject""|""file:///Users/marcgomez/Dev/EDC/Agera-DataSpaceConnector/data-protocols/ids/ids-api-multipart-endpoint-v1/build/classes/java/main/org/eclipse/dataspaceconnector/ids/api/multipart/handler/description/AbstractDescriptionRequestHandler.class:0:0:0:0""]]; it is advisable to add an Override annotation.","/data-protocols/ids/ids-api-multipart-endpoint-v1/src/main/java/org/eclipse/dataspaceconnector/ids/api/multipart/handler/description/ResourceDescriptionRequestHandler.java","59","28","59","41"
"Missing Override annotation","A method that overrides a method in a superclass but does not have an 'Override' annotation cannot take advantage of compiler checks, and makes code less readable.","recommendation","This method overrides [[""ConnectorService.getConnector""|""relative:///data-protocols/ids/ids-spi/src/main/java/org/eclipse/dataspaceconnector/ids/spi/service/ConnectorService.java:34:15:34:26""]]; it is advisable to add an Override annotation.","/data-protocols/ids/ids-core/src/main/java/org/eclipse/dataspaceconnector/ids/core/service/ConnectorServiceImpl.java","48","22","48","33"
"Missing Override annotation","A method that overrides a method in a superclass but does not have an 'Override' annotation cannot take advantage of compiler checks, and makes code less readable.","recommendation","This method overrides [[""CosmosDocument<FederatedCacheNode>.getId""|""file:///Users/marcgomez/Dev/EDC/Agera-DataSpaceConnector/extensions/azure/cosmos/cosmos-common/build/classes/java/main/org/eclipse/dataspaceconnector/cosmos/azure/CosmosDocument.class:0:0:0:0""]]; it is advisable to add an Override annotation.","/extensions/azure/cosmos/fcc-node-directory-cosmos/src/main/java/org/eclipse/dataspaceconnector/catalog/node/directory/azure/model/FederatedCacheNodeDocument.java","32","19","32","23"
"Missing Override annotation","A method that overrides a method in a superclass but does not have an 'Override' annotation cannot take advantage of compiler checks, and makes code less readable.","recommendation","This method overrides [[""AutoCloseable.close""|""file:///Users/marcgomez/Dev/EDC/Agera-DataSpaceConnector/modules/java.base/java/lang/AutoCloseable.class:0:0:0:0""]]; it is advisable to add an Override annotation.","/extensions/inline-data-transfer/inline-data-transfer-spi/src/main/java/org/eclipse/dataspaceconnector/transfer/inline/spi/StreamSession.java","16","10","16","14"
"Missing Override annotation","A method that overrides a method in a superclass but does not have an 'Override' annotation cannot take advantage of compiler checks, and makes code less readable.","recommendation","This method overrides [[""RemoteMessage.getProtocol""|""relative:///spi/core-spi/src/main/java/org/eclipse/dataspaceconnector/spi/types/domain/message/RemoteMessage.java:25:12:25:22""]]; it is advisable to add an Override annotation.","/spi/catalog-spi/src/main/java/org/eclipse/dataspaceconnector/spi/types/domain/catalog/CatalogRequest.java","24","19","24","29"
"Deprecated method or constructor invocation","Using a method or constructor that has been marked as deprecated may be dangerous or fail to take advantage of a better method or constructor.","recommendation","Invoking [[""IdentityHub.write""|""relative:///extensions/iam/decentralized-identity/identity-did-spi/src/main/java/org/eclipse/dataspaceconnector/iam/did/spi/hub/IdentityHub.java:36:10:36:14""]] should be avoided because it has been deprecated.","/extensions/iam/decentralized-identity/identity-did-core/src/main/java/org/eclipse/dataspaceconnector/iam/did/hub/IdentityHubController.java","46","9","46","25"
"Deprecated method or constructor invocation","Using a method or constructor that has been marked as deprecated may be dangerous or fail to take advantage of a better method or constructor.","recommendation","Invoking [[""Builder.x509CertThumbprint""|""file:///Users/marcgomez/.gradle/caches/modules-2/files-2.1/com.nimbusds/nimbus-jose-jwt/8.22.1/a224b43863a0679f153bec24e1d329c63f1ed234/nimbus-jose-jwt-8.22.1.jar/com/nimbusds/jose/JWSHeader$Builder.class:0:0:0:0""]] should be avoided because it has been deprecated.","/extensions/iam/oauth2/oauth2-core/src/main/java/org/eclipse/dataspaceconnector/iam/oauth2/core/impl/DefaultJwtDecorator.java","44","9","44","91"
"Dereferenced variable may be null","Dereferencing a variable whose value may be 'null' may cause a 'NullPointerException'.","warning","Variable [[""sasToken""|""relative:///extensions/azure/blobstorage/blob-data-operator/src/main/java/org/eclipse/dataspaceconnector/azure/blob/operator/BlobStoreWriter.java:37:9:37:38""]] may be null here because of [[""this""|""relative:///extensions/azure/blobstorage/blob-data-operator/src/main/java/org/eclipse/dataspaceconnector/azure/blob/operator/BlobStoreWriter.java:37:23:37:37""]] assignment.","/extensions/azure/blobstorage/blob-data-operator/src/main/java/org/eclipse/dataspaceconnector/azure/blob/operator/BlobStoreWriter.java","53","23","53","30"
"Missing format argument","A format call with an insufficient number of arguments causes an 'IllegalFormatException'.","error","This format call refers to 1 argument(s) but only supplies 0 argument(s).","/core/transfer/src/main/java/org/eclipse/dataspaceconnector/transfer/core/transfer/AsyncTransferProcessManager.java","140","28","140","138"
"Missing format argument","A format call with an insufficient number of arguments causes an 'IllegalFormatException'.","error","This format call refers to 1 argument(s) but only supplies 0 argument(s).","/core/transfer/src/main/java/org/eclipse/dataspaceconnector/transfer/core/transfer/AsyncTransferProcessManager.java","183","28","183","140"
"Self assignment","Assigning a variable to itself has no effect.","error","This assigns the variable rev to itself and has no effect.","/extensions/iam/decentralized-identity/identity-did-spi/src/main/java/org/eclipse/dataspaceconnector/iam/did/spi/hub/message/CommitHeader.java","26","9","26","17"
"Potential input resource leak","A resource that is opened for reading but not closed may cause a resource leak.","warning","This FileInputStream is not always closed on method exit.","/extensions/iam/daps/src/test/java/org/eclipse/dataspaceconnector/iam/daps/DapsIntegrationTest.java","64","23","64","56"
"Container contents are never accessed","A collection or map whose contents are never queried or accessed is useless.","error","The contents of this container are never accessed.","/extensions/ion/ion-core/src/main/java/org/eclipse/dataspaceconnector/ion/spi/request/InputValidator.java","12","9","12","78"
"Use of a potentially broken or risky cryptographic algorithm","Using broken or weak cryptographic algorithms can allow an attacker to compromise security.","warning","Cryptographic algorithm [[""EC""|""relative:///extensions/iam/decentralized-identity/identity-did-crypto/src/main/java/org/eclipse/dataspaceconnector/iam/did/crypto/key/KeyPairFactory.java:43:63:43:66""]] may not be secure, consider using a different algorithm.","/extensions/iam/decentralized-identity/identity-did-crypto/src/main/java/org/eclipse/dataspaceconnector/iam/did/crypto/key/KeyPairFactory.java","43","34","43","67"
"Use of a potentially broken or risky cryptographic algorithm","Using broken or weak cryptographic algorithms can allow an attacker to compromise security.","warning","Cryptographic algorithm [[""EC""|""relative:///extensions/iam/decentralized-identity/identity-did-crypto/src/main/java/org/eclipse/dataspaceconnector/iam/did/crypto/key/KeyPairFactory.java:65:63:65:66""]] may not be secure, consider using a different algorithm.","/extensions/iam/decentralized-identity/identity-did-crypto/src/main/java/org/eclipse/dataspaceconnector/iam/did/crypto/key/KeyPairFactory.java","65","34","65","67"
"Use of a potentially broken or risky cryptographic algorithm","Using broken or weak cryptographic algorithms can allow an attacker to compromise security.","warning","Cryptographic algorithm [[""SHA-256""|""relative:///extensions/iam/decentralized-identity/identity-did-spi/src/main/java/org/eclipse/dataspaceconnector/iam/did/spi/hub/message/JsonCommitObject.java:81:62:81:70""]] may not be secure, consider using a different algorithm.","/extensions/iam/decentralized-identity/identity-did-spi/src/main/java/org/eclipse/dataspaceconnector/iam/did/spi/hub/message/JsonCommitObject.java","81","36","81","71"
"Use of a potentially broken or risky cryptographic algorithm","Using broken or weak cryptographic algorithms can allow an attacker to compromise security.","warning","Cryptographic algorithm [[""SHA-1""|""relative:///extensions/iam/oauth2/oauth2-core/src/main/java/org/eclipse/dataspaceconnector/iam/oauth2/core/impl/Fingerprint.java:37:58:37:64""]] may not be secure, consider using a different algorithm.","/extensions/iam/oauth2/oauth2-core/src/main/java/org/eclipse/dataspaceconnector/iam/oauth2/core/impl/Fingerprint.java","37","32","37","65"
"Use of a potentially broken or risky cryptographic algorithm","Using broken or weak cryptographic algorithms can allow an attacker to compromise security.","warning","Cryptographic algorithm [[""SHA-1""|""relative:///extensions/iam/oauth2/oauth2-core/src/main/java/org/eclipse/dataspaceconnector/iam/oauth2/core/impl/Fingerprint.java:55:58:55:64""]] may not be secure, consider using a different algorithm.","/extensions/iam/oauth2/oauth2-core/src/main/java/org/eclipse/dataspaceconnector/iam/oauth2/core/impl/Fingerprint.java","55","32","55","65"
"Use of a potentially broken or risky cryptographic algorithm","Using broken or weak cryptographic algorithms can allow an attacker to compromise security.","warning","Cryptographic algorithm [[""SHA-256""|""relative:///extensions/ion/ion-core/src/main/java/org/eclipse/dataspaceconnector/ion/util/MultihashHelper.java:47:58:47:66""]] may not be secure, consider using a different algorithm.","/extensions/ion/ion-core/src/main/java/org/eclipse/dataspaceconnector/ion/util/MultihashHelper.java","47","32","47","67"
"Log Injection","Building log entries from user-controlled data may allow insertion of forged log entries by malicious users.","error","This [[""user-provided value""|""relative:///extensions/api/control/src/main/java/org/eclipse/dataspaceconnector/api/control/ClientController.java:59:33:59:55""]] flows to a log entry.
This [[""user-provided value""|""relative:///samples/04.0-file-transfer/api/src/main/java/org/eclipse/dataspaceconnector/extensions/api/ConsumerApiController.java:90:38:90:75""]] flows to a log entry.
This [[""user-provided value""|""relative:///samples/04.0-file-transfer/api/src/main/java/org/eclipse/dataspaceconnector/extensions/api/ConsumerApiController.java:90:78:90:132""]] flows to a log entry.","/extensions/jdk-logger-monitor/src/main/java/org/eclipse/dataspaceconnector/logger/LoggerMonitor.java","63","70","63","83"
"Hard-coded credential in API call","Using a hard-coded credential in a call to a sensitive Java API may compromise security.","error","Hard-coded value flows to [[""sensitive API call""|""relative:///extensions/filesystem/vault-fs/src/main/java/org/eclipse/dataspaceconnector/core/security/fs/FsPrivateKeyResolver.java:54:50:54:64""]].
Hard-coded value flows to [[""sensitive API call""|""relative:///extensions/filesystem/vault-fs/src/main/java/org/eclipse/dataspaceconnector/core/security/fs/FsVaultExtension.java:89:35:89:65""]].","/extensions/filesystem/vault-fs/src/main/java/org/eclipse/dataspaceconnector/core/security/fs/FsConfiguration.java","30","80","30","88"
"Hard-coded credential in API call","Using a hard-coded credential in a call to a sensitive Java API may compromise security.","error","Hard-coded value flows to [[""sensitive API call""|""relative:///extensions/filesystem/vault-fs/src/main/java/org/eclipse/dataspaceconnector/core/security/fs/FsPrivateKeyResolver.java:54:50:54:64""]].
Hard-coded value flows to [[""sensitive API call""|""relative:///extensions/filesystem/vault-fs/src/test/java/org/eclipse/dataspaceconnector/core/security/fs/FsRsaPrivateKeyResolverTest.java:50:35:50:84""]].","/extensions/filesystem/vault-fs/src/test/java/org/eclipse/dataspaceconnector/core/security/fs/FsRsaPrivateKeyResolverTest.java","29","44","29","52"
"Hard-coded credential in API call","Using a hard-coded credential in a call to a sensitive Java API may compromise security.","error","Hard-coded value flows to [[""sensitive API call""|""relative:///extensions/filesystem/vault-fs/src/main/java/org/eclipse/dataspaceconnector/core/security/fs/FsPrivateKeyResolver.java:54:50:54:64""]].
Hard-coded value flows to [[""sensitive API call""|""relative:///extensions/iam/daps/src/test/java/org/eclipse/dataspaceconnector/iam/daps/DapsIntegrationTest.java:65:26:65:47""]].","/extensions/iam/daps/src/test/java/org/eclipse/dataspaceconnector/iam/daps/DapsIntegrationTest.java","46","60","46","65"
"Hard-coded credential in API call","Using a hard-coded credential in a call to a sensitive Java API may compromise security.","error","Hard-coded value flows to [[""sensitive API call""|""relative:///extensions/iam/decentralized-identity/identity-common-test/src/testFixtures/java/org/eclipse/dataspaceconnector/iam/did/testfixtures/TemporaryKeyLoader.java:37:43:37:64""]].","/extensions/iam/decentralized-identity/identity-common-test/src/testFixtures/java/org/eclipse/dataspaceconnector/iam/did/testfixtures/TemporaryKeyLoader.java","27","44","27","52"
"Unreleased lock","A lock that is acquired one or more times without a matching number of unlocks may cause a deadlock.","error","This lock might not be unlocked or might be locked more times than it is unlocked.","/extensions/in-memory/identity-hub-memory/src/main/java/org/eclipse/dataspaceconnector/iam/did/hub/memory/InMemoryIdentityHubStore.java","76","9","76","30"
"Random used only once","Creating an instance of 'Random' for each pseudo-random number required does not guarantee an evenly distributed sequence of random numbers.","warning","Random object created and used only once.","/extensions/catalog/federated-catalog-cache/src/main/java/org/eclipse/dataspaceconnector/catalog/cache/FederatedCatalogCacheExtension.java","163","70","163","95"
"Random used only once","Creating an instance of 'Random' for each pseudo-random number required does not guarantee an evenly distributed sequence of random numbers.","warning","Random object created and used only once.","/extensions/catalog/federated-catalog-cache/src/test/java/org/eclipse/dataspaceconnector/catalog/cache/FederatedCatalogCacheEndToEndTest.java","35","62","35","87"
"Random used only once","Creating an instance of 'Random' for each pseudo-random number required does not guarantee an evenly distributed sequence of random numbers.","warning","Random object created and used only once.","/extensions/iam/oauth2/oauth2-core/src/test/java/org/eclipse/dataspaceconnector/iam/oauth2/core/impl/DefaultJwtDecoratorTest.java","49","9","49","43"
"Random used only once","Creating an instance of 'Random' for each pseudo-random number required does not guarantee an evenly distributed sequence of random numbers.","warning","Random object created and used only once.","/samples/other/streaming/src/test/java/org/eclipse/dataspaceconnector/transfer/demo/protocols/stream/DemoPushStreamTransferTest.java","53","27","53","52"
"Inconsistent compareTo","If a class overrides 'compareTo' but not 'equals', it may mean that 'compareTo' and 'equals' are inconsistent.","warning","This class declares [[""compareTo""|""relative:///extensions/in-memory/did-document-store-inmem/src/main/java/org/eclipse/dataspaceconnector/samples/identity/did/InMemoryDidDocumentStore.java:88:20:88:28""]] but inherits equals; the two could be inconsistent.","/extensions/in-memory/did-document-store-inmem/src/main/java/org/eclipse/dataspaceconnector/samples/identity/did/InMemoryDidDocumentStore.java","71","26","71","31"
